date_time,alabama_maxtempC,alabama_mintempC,alaska_maxtempC,alaska_mintempC,arizona_maxtempC,arizona_mintempC,arkansas_maxtempC,arkansas_mintempC,california_maxtempC,california_mintempC,colorado_maxtempC,colorado_mintempC,connecticut_maxtempC,connecticut_mintempC,delaware_maxtempC,delaware_mintempC,district_of_columbia_maxtempC,district_of_columbia_mintempC,florida_maxtempC,florida_mintempC,georgia_maxtempC,georgia_mintempC,hawaii_maxtempC,hawaii_mintempC,idaho_maxtempC,idaho_mintempC,illinois_maxtempC,illinois_mintempC,indiana_maxtempC,indiana_mintempC,iowa_maxtempC,iowa_mintempC,kansas_maxtempC,kansas_mintempC,kentucky_maxtempC,kentucky_mintempC,louisiana_maxtempC,louisiana_mintempC,maine_maxtempC,maine_mintempC,montana_maxtempC,montana_mintempC,nebraska_maxtempC,nebraska_mintempC,nevada_maxtempC,nevada_mintempC,new_hampshire_maxtempC,new_hampshire_mintempC,new_jersey_maxtempC,new_jersey_mintempC,new_mexico_maxtempC,new_mexico_mintempC,new_york_maxtempC,new_york_mintempC,north_carolina_maxtempC,north_carolina_mintempC,north_dakota_maxtempC,north_dakota_mintempC,ohio_maxtempC,ohio_mintempC,oklahoma_maxtempC,oklahoma_mintempC,oregon_maxtempC,oregon_mintempC,maryland_maxtempC,maryland_mintempC,massachusetts_maxtempC,massachusetts_mintempC,michigan_maxtempC,michigan_mintempC,minnesota_maxtempC,minnesota_mintempC,mississippi_maxtempC,mississippi_mintempC,missouri_maxtempC,missouri_mintempC,pennsylvania_maxtempC,pennsylvania_mintempC,rhode_island_maxtempC,rhode_island_mintempC,south_carolina_maxtempC,south_carolina_mintempC,south_dakota_maxtempC,south_dakota_mintempC,tennessee_maxtempC,tennessee_mintempC,texas_maxtempC,texas_mintempC,utah_maxtempC,utah_mintempC,vermont_maxtempC,vermont_mintempC,virginia_maxtempC,virginia_mintempC,washington_maxtempC,washington_mintempC,west_virginia_maxtempC,west_virginia_mintempC,wisconsin_maxtempC,wisconsin_mintempC,wyoming_maxtempC,wyoming_mintempC
2020-01-01,14,9,32,21,28,22,13,0,12,5,6,-6,3,-2,4,-3,7,1,23,11,8,3,20,12,0,-7,6,-3,6,1,6,-3,11,-1,37,16,9,-1,25,13,5,-3,8,-2,21,13,4,-2,4,1,38,19,4,0,10,3,4,-6,4,-3,13,4,11,7,11,2,4,0,4,-2,1,-11,12,3,15,12,-1,-8,4,0,26,17,2,-5,8,-2,15,9,-8,-16,28,24,10,6,10,3,5,2,1,-11,1,-6
2020-01-02,21,17,29,21,29,21,12,5,12,4,2,-9,7,-3,8,1,9,4,23,11,6,2,23,15,-6,-12,8,3,9,4,7,2,11,4,37,16,10,4,21,10,4,-4,8,1,25,10,8,2,7,2,39,20,7,2,12,3,6,2,8,2,15,9,8,3,11,6,7,0,6,1,2,-3,17,9,16,12,6,-2,7,0,27,18,1,-6,9,4,16,9,-8,-12,28,24,12,6,10,4,11,1,1,0,4,-1
2020-01-03,21,11,28,22,31,21,10,3,14,6,3,-11,5,-1,9,7,11,7,26,10,6,0,24,15,-3,-11,4,0,11,6,3,-1,8,2,38,14,6,-1,22,11,5,-2,4,-1,24,11,9,6,8,1,40,20,8,6,19,7,2,-2,8,6,11,6,12,7,8,4,8,4,4,2,1,-5,15,13,19,14,7,3,7,3,29,18,0,-8,5,1,19,15,-8,-17,28,20,20,10,12,9,13,10,-1,-5,3,0
2020-01-04,16,10,24,16,29,23,9,-1,16,7,10,-1,7,4,5,-1,12,8,22,9,4,1,20,16,0,-10,-1,-3,2,0,-1,-4,6,-2,40,17,3,-1,24,11,8,2,6,-3,23,10,3,-1,12,7,40,22,13,6,18,8,0,-5,2,-1,11,2,8,-1,4,0,6,1,1,-1,-4,-9,10,4,21,12,9,0,9,5,29,18,-2,-11,1,-2,17,12,-10,-19,26,23,16,11,13,8,9,2,-4,-8,1,-2
2020-01-05,15,7,24,20,22,19,11,2,12,5,2,-5,2,-6,3,-3,5,1,16,9,8,0,20,15,-6,-10,6,-2,6,-2,5,-2,9,2,35,14,8,0,26,12,2,0,7,1,21,12,4,-3,4,-1,40,23,4,-1,8,1,4,-4,5,-2,12,6,8,5,10,1,3,-1,4,-2,2,-4,14,2,22,14,1,-2,3,-1,29,17,0,-10,8,-1,18,14,-9,-19,27,23,8,5,7,2,5,-3,1,-7,1,-4
2020-01-06,17,10,30,17,20,19,10,1,13,4,2,-10,4,-2,4,-1,9,2,23,11,8,1,27,16,-2,-8,4,-3,6,-1,4,-3,8,0,36,14,7,-1,27,15,1,-5,7,-1,24,9,3,-2,6,2,37,20,6,1,11,3,2,-4,3,-1,11,4,8,1,9,1,3,-2,3,0,0,-6,17,7,22,16,2,-5,4,-2,29,17,-1,-7,5,-2,19,16,-8,-16,27,20,11,6,9,2,6,2,-1,-6,2,-3
2020-01-07,16,11,27,19,23,20,12,0,13,5,8,-8,3,-3,5,0,5,-5,23,9,8,1,22,16,-2,-10,3,-1,5,1,3,-2,10,0,32,21,6,0,29,16,2,-4,9,-2,25,9,5,-1,5,3,34,19,5,2,8,2,2,-2,5,-2,14,3,12,4,7,2,4,1,3,0,-4,-11,12,6,21,13,1,-3,4,0,29,17,-7,-19,5,-1,15,11,-11,-21,28,23,13,5,6,-2,6,-1,-3,-10,2,-1
2020-01-08,15,8,27,19,26,21,13,3,10,5,8,-4,3,-7,-2,-4,5,-1,26,15,8,2,18,15,-1,-7,-2,-8,2,-2,-3,-9,10,-1,32,21,4,-2,30,18,2,-5,5,-3,24,11,-3,-4,4,-1,33,19,4,-1,11,2,-6,-13,-3,-4,14,6,7,4,6,0,4,-2,-5,-10,-12,-19,14,5,19,10,-1,-8,4,-3,28,16,-16,-25,1,-5,16,12,-13,-23,27,23,10,4,6,-2,4,-1,-12,-20,-6,-7
2020-01-09,19,13,32,19,26,20,17,10,9,2,1,-9,-2,-7,6,-4,2,-3,26,10,6,1,17,10,-3,-7,11,-2,10,-1,11,-2,16,8,31,15,12,4,31,17,4,-1,10,3,26,10,8,-4,1,-3,35,21,1,-4,7,-1,7,-5,8,-4,20,12,6,-1,12,7,-1,-6,8,-3,3,-8,15,5,23,16,-3,-9,0,-7,26,17,-5,-13,11,1,19,17,-8,-19,27,24,5,2,3,-1,12,-1,3,-10,4,-6
2020-01-10,20,16,32,17,28,21,16,9,10,2,-3,-11,8,-2,11,4,11,2,26,8,5,1,21,16,-9,-17,4,0,13,5,2,-3,7,-3,34,16,13,8,32,17,9,1,0,-9,27,12,12,7,9,1,35,20,9,1,16,4,3,0,12,4,20,13,7,3,16,12,8,-2,8,-2,-7,-14,19,14,24,20,4,-5,9,0,24,17,-16,-24,7,3,19,13,-9,-19,27,20,16,7,11,2,17,6,-4,-9,5,2
2020-01-11,22,16,32,19,29,20,-1,-8,12,5,3,-14,16,7,18,12,18,9,27,15,6,0,20,14,-8,-13,-3,-9,18,6,-5,-9,-6,-10,38,21,1,-4,33,18,9,3,-9,-16,26,10,17,12,16,8,32,24,17,8,18,10,-4,-7,17,5,2,-6,6,-1,6,-2,16,8,5,-1,-8,-12,22,11,15,12,14,3,15,10,23,17,-22,-29,-1,-4,16,11,-8,-15,27,24,19,13,19,9,24,13,-7,-10,4,-5
2020-01-12,18,13,29,21,28,22,11,-3,11,2,-1,-12,18,2,5,2,17,10,27,17,5,0,19,14,-4,-8,-2,-7,4,-3,-2,-9,4,-5,38,21,0,-6,33,19,4,1,-1,-13,25,11,4,0,17,8,29,20,18,8,19,15,-5,-13,2,-2,14,-1,7,-1,0,-7,18,5,0,-5,-6,-14,15,7,17,9,9,1,16,6,28,15,-14,-20,0,-6,14,8,-7,-12,26,21,20,15,17,11,10,5,-7,-13,-2,-7
2020-01-13,22,17,31,22,28,21,13,0,10,2,2,-11,4,0,7,2,12,7,27,18,5,1,19,13,-5,-9,1,-4,7,2,0,-6,9,-2,39,23,5,-2,35,20,9,-1,2,-7,23,11,7,2,8,1,32,14,8,5,18,15,-1,-7,5,1,17,4,4,2,6,-1,4,-3,1,-4,-2,-9,17,10,18,11,7,-1,5,2,24,16,-3,-13,4,-3,16,11,-10,-19,26,21,18,14,13,8,13,5,-2,-7,1,-2
2020-01-14,22,19,33,22,29,22,13,6,14,3,6,-8,7,1,10,2,10,7,27,10,8,-1,19,12,-3,-10,4,-1,10,3,2,-4,10,2,40,22,9,1,34,21,7,1,-1,-8,24,11,9,1,7,3,33,15,7,1,20,15,2,-5,9,1,18,8,4,0,11,2,5,2,5,1,1,-10,21,18,25,19,5,-2,7,2,24,14,-13,-21,6,0,21,19,-11,-21,26,23,18,12,11,7,16,8,1,-5,2,-3
2020-01-15,22,19,33,21,28,21,12,3,11,1,3,-7,7,2,10,2,14,7,27,10,6,1,17,15,-10,-14,2,-7,10,4,1,-7,9,0,41,24,9,2,29,17,9,3,1,-12,23,11,9,2,13,7,30,16,12,6,17,12,0,-6,8,1,14,8,6,-1,11,3,8,4,5,0,-5,-13,22,18,26,19,9,-1,8,0,27,13,-17,-25,8,-1,21,19,-9,-18,25,23,12,7,16,6,16,5,-3,-9,2,-2
2020-01-16,21,16,31,21,27,21,2,-4,12,3,3,-10,6,-3,2,-5,10,2,28,19,3,-1,16,13,0,-14,-7,-13,1,-3,-11,-17,-3,-9,41,27,-3,-8,29,14,7,2,-10,-17,27,13,0,-6,8,1,30,18,8,1,15,5,-11,-16,-1,-5,4,-1,6,1,-1,-5,6,-2,-3,-6,-16,-22,15,9,24,20,3,-4,7,-2,28,13,-23,-29,-4,-11,19,18,-8,-18,27,22,15,6,11,2,6,-1,-15,-20,-4,-11
2020-01-17,18,12,30,21,27,21,3,-5,9,2,4,-6,-5,-9,-1,-6,0,-3,29,19,3,0,16,9,-2,-9,-3,-12,0,-5,-3,-11,1,-5,40,26,-3,-9,28,13,5,-1,1,-9,28,12,-1,-6,-2,-5,26,17,-2,-5,5,-3,-4,-14,-1,-5,8,0,5,-3,-2,-7,-6,-9,-1,-5,-6,-20,13,6,21,19,-4,-10,-4,-9,28,14,-3,-20,-3,-11,17,11,-8,-19,27,23,3,1,1,-4,2,-4,-5,-18,-3,-9
2020-01-18,21,18,31,21,27,21,8,1,12,3,4,-10,-2,-11,6,-2,2,-3,29,12,5,-2,21,13,-7,-11,2,-16,9,-4,2,-18,0,-6,34,20,6,-8,27,14,2,-3,-7,-11,28,13,6,-2,0,-9,20,18,0,-10,7,0,2,-17,5,-4,8,3,8,4,7,-4,-3,-9,4,-6,-3,-18,20,12,23,18,-3,-9,-3,-9,25,11,-15,-22,3,-14,21,17,-9,-20,26,23,9,1,3,-3,9,2,-2,-12,2,-6
2020-01-19,11,8,30,22,28,22,5,-2,14,5,8,-5,3,-6,-6,-9,4,-3,20,12,2,-2,22,15,-6,-14,-14,-20,-7,-11,-16,-20,-7,-11,29,13,-10,-14,28,14,1,-1,-14,-17,26,13,-7,-10,3,-1,28,16,3,-1,8,-1,-11,-19,-6,-11,10,1,11,6,-6,-10,4,-3,-6,-14,-12,-19,7,1,14,8,-6,-10,5,-3,24,16,-19,-23,-14,-18,12,9,-9,-20,26,23,12,3,4,-2,-3,-7,-7,-16,-5,-9
2020-01-20,8,2,28,21,26,21,4,-4,14,9,7,-2,-3,-9,-4,-9,-1,-5,17,12,3,-3,17,10,-1,-9,-9,-18,-1,-9,-10,-21,-8,-12,33,15,-8,-14,30,14,4,-3,-15,-20,22,13,-3,-9,-1,-6,31,19,-1,-6,3,-4,-7,-16,-3,-7,10,-1,10,6,-5,-11,-3,-9,-2,-9,-8,-19,4,-3,16,9,-5,-12,-3,-9,22,14,-16,-24,-10,-18,12,9,-9,-17,27,19,2,-1,1,-5,-1,-8,-6,-13,-4,-11
2020-01-21,7,0,25,20,22,17,4,-6,13,6,7,1,-2,-10,-3,-10,0,-5,24,11,6,-2,16,12,-1,-6,-5,-14,1,-5,-6,-17,0,-10,33,16,0,-10,31,16,4,-4,-5,-19,23,12,-3,-9,0,-4,30,17,0,-4,3,-5,-7,-15,-1,-7,7,-2,8,7,2,-6,-4,-8,-1,-4,-8,-19,5,-4,13,6,-3,-13,-2,-8,26,12,-2,-16,-3,-14,11,7,-9,-17,26,19,2,-1,2,-3,1,-7,-6,-16,-2,-12
2020-01-22,9,2,29,19,24,19,4,-4,14,6,6,-5,3,-8,1,-6,5,-3,22,12,4,-1,19,13,0,-8,0,-6,1,-4,-1,-8,3,-1,32,15,3,-3,29,16,10,1,2,-1,20,13,0,-6,4,-2,34,17,4,-2,5,-5,-1,-6,1,-5,6,3,9,6,3,-2,2,-6,1,-3,1,-7,7,-3,14,8,0,-11,3,-6,26,15,1,-3,0,-5,15,9,-11,-20,26,23,5,1,8,-2,6,-5,-1,-7,-1,-7
2020-01-23,16,9,27,18,27,18,9,0,16,6,5,-7,4,-4,4,-2,6,-1,20,10,5,-2,23,15,-3,-7,1,-2,5,-5,1,-2,2,1,32,16,2,0,29,15,6,-3,1,-2,23,11,4,-2,3,0,35,22,4,-1,7,-3,1,-6,4,-2,12,3,12,9,2,0,4,-3,1,-7,0,-4,7,0,20,15,2,-7,5,-2,26,15,-3,-10,1,-1,19,13,-9,-19,27,20,9,4,7,-2,9,-2,-1,-4,0,-4
2020-01-24,16,11,29,19,27,20,6,-2,16,8,8,-4,7,-2,7,2,9,1,20,11,2,-2,22,14,0,-7,1,-1,5,3,1,-6,-1,-3,31,16,1,-1,28,14,6,-2,-3,-6,21,13,6,2,8,3,32,22,8,2,13,3,1,-1,4,2,10,1,12,4,2,1,5,-1,2,-5,0,-5,10,4,21,11,2,-5,6,0,24,16,-6,-15,1,-1,17,11,-8,-15,27,24,13,7,11,0,13,3,1,-5,1,-5
2020-01-25,14,7,30,20,27,19,9,0,16,6,8,-5,7,-1,3,0,12,6,21,11,2,-5,22,17,0,-5,-1,-6,2,-1,-1,-7,4,-5,33,16,-1,-4,28,15,11,0,-1,-9,23,11,2,-1,10,4,34,20,10,4,12,5,1,-1,2,-1,14,2,13,8,1,-1,6,0,2,0,-1,-6,10,1,18,12,4,-2,8,0,23,15,-7,-15,-1,-5,16,13,-8,-17,27,23,14,9,12,6,4,2,1,-6,1,1
2020-01-26,11,4,29,20,27,19,13,3,17,9,9,-5,6,0,2,-3,7,3,22,11,8,-2,20,13,0,-8,-2,-6,2,-1,-2,-10,7,-1,29,15,2,-5,28,14,10,5,2,-4,22,11,1,-2,7,3,30,22,7,3,9,0,-1,-8,1,-4,15,7,12,6,6,-1,7,3,1,-1,-3,-8,13,4,22,17,1,-3,7,3,26,14,-1,-6,-1,-7,17,12,-8,-18,27,23,9,5,8,3,3,-1,-1,-3,1,0
2020-01-27,18,11,32,19,28,19,11,4,14,6,5,-3,5,-1,1,-3,8,2,21,11,8,0,24,17,-1,-6,0,-4,2,-1,0,-3,2,-2,32,11,0,-2,30,14,5,1,0,-4,23,11,1,-4,5,2,31,20,6,2,8,3,-1,-6,2,-3,17,8,10,3,2,0,6,1,1,-4,0,-5,14,8,24,17,2,-2,6,1,29,16,-9,-16,0,-3,16,13,-8,-20,27,23,11,4,9,2,6,1,-1,-5,1,-4
2020-01-28,15,10,28,19,29,20,4,0,15,6,5,-11,4,-2,2,-1,7,1,23,11,9,1,23,16,-2,-8,-3,-7,2,-1,-5,-11,1,-2,36,16,0,-3,30,15,12,4,-1,-4,21,12,2,-3,4,-2,32,21,5,-2,10,0,-1,-7,2,-2,6,1,10,8,3,0,3,0,0,-1,-5,-12,15,6,20,14,1,-3,4,-1,24,14,-9,-16,-3,-8,18,15,-10,-21,27,23,8,3,8,1,3,-1,-4,-10,0,-3
2020-01-29,15,10,31,18,30,21,4,-2,15,5,0,-7,4,-2,3,-3,6,0,19,11,10,3,25,16,-1,-6,-2,-7,2,-1,-3,-9,0,-2,38,17,-1,-4,31,14,10,3,-2,-7,25,10,2,-3,7,0,34,22,7,0,8,0,-3,-9,2,-3,5,1,9,2,2,-1,4,-1,0,-1,-4,-10,12,7,14,8,1,-5,5,-3,28,13,-7,-13,-2,-5,14,9,-10,-20,28,23,6,4,9,1,5,-4,-4,-9,0,-4
2020-01-30,15,8,30,19,29,22,6,0,15,5,2,-10,3,-7,2,-3,5,0,21,11,10,3,22,15,-3,-9,-2,-6,4,-1,-3,-10,2,-3,41,21,0,-5,30,15,7,2,2,-1,25,9,2,-3,2,-2,34,21,2,-2,9,0,-2,-9,2,-2,6,2,12,3,2,-2,2,-1,2,-1,-3,-12,14,5,15,10,1,-6,4,-4,27,15,-2,-8,-1,-6,13,11,-9,-20,28,23,7,4,6,0,7,-1,-3,-11,1,-3
2020-01-31,14,11,31,20,30,22,8,-1,18,7,5,-14,4,-4,1,-3,8,0,24,11,12,4,28,16,-1,-9,1,-4,4,0,0,-4,5,-1,40,22,3,-1,30,16,12,3,2,-2,24,11,1,-2,6,1,35,22,6,1,9,-1,0,-6,2,-1,10,1,14,9,6,1,5,-1,2,-1,0,-10,11,9,15,11,2,-4,5,-2,28,14,-1,-8,2,-2,14,11,-9,-18,28,23,9,5,9,0,9,-1,-1,-7,1,-5
2020-02-01,14,9,29,23,28,22,14,0,20,8,11,-1,3,-1,3,-2,6,2,26,10,3,1,28,21,0,-5,1,-4,4,1,0,-7,11,-2,39,22,4,-2,29,15,15,6,6,-3,26,12,2,-2,6,3,35,23,6,3,11,3,0,-3,2,-2,15,2,11,6,4,0,6,1,2,0,0,-6,11,6,20,10,4,-1,6,2,32,15,3,-5,3,-3,16,10,-8,-19,28,24,8,5,7,2,6,0,-1,-5,1,-1
2020-02-02,16,9,26,20,23,18,20,7,20,9,15,2,5,-2,12,-1,9,2,25,12,7,-1,21,11,1,-6,8,2,14,1,4,-1,17,4,39,25,13,3,29,14,12,6,9,2,24,12,12,-1,6,-1,35,25,6,1,13,2,5,1,11,0,21,9,7,1,16,5,4,0,8,1,4,1,19,5,22,13,2,-4,4,0,31,14,4,-6,11,2,18,13,-8,-18,27,23,11,5,10,3,13,2,3,0,6,0
2020-02-03,19,13,30,18,24,20,17,10,8,1,1,-5,6,-3,13,3,15,7,26,10,10,1,22,14,-6,-10,3,2,14,6,1,0,15,7,39,22,17,6,30,14,15,6,1,-3,23,12,12,3,10,5,33,22,10,4,18,7,3,-1,11,3,20,12,6,0,17,9,7,0,6,3,-1,-9,20,10,21,15,8,1,7,-1,30,13,-5,-12,11,1,19,14,-9,-19,28,23,17,9,17,7,17,6,0,-4,5,0
2020-02-04,20,17,31,20,29,20,1,-1,8,-1,-10,-19,9,1,11,0,12,8,26,10,8,2,17,10,-15,-22,-1,-7,12,2,-1,-4,0,-2,40,26,3,-4,30,16,13,8,-2,-6,26,12,11,-1,11,6,28,17,11,6,17,11,-2,-5,9,0,3,0,6,-1,5,1,8,2,2,0,-7,-11,19,14,25,19,12,5,10,3,29,13,-12,-18,1,-6,20,18,-10,-19,27,23,17,11,13,8,13,12,-6,-11,0,-3
2020-02-05,21,15,29,19,31,20,1,-3,11,0,-4,-22,4,-3,2,-2,6,3,27,11,9,1,17,10,-10,-16,-1,-5,4,0,-3,-7,-2,-3,38,26,0,-3,30,15,5,-1,0,-6,26,11,2,-3,5,2,27,14,6,2,17,14,-3,-8,1,-4,1,-3,8,3,0,-2,2,-1,0,-3,-4,-13,21,16,15,8,1,-2,4,-2,29,15,-4,-11,-1,-4,18,9,-7,-20,27,20,15,3,7,2,7,0,-4,-13,-1,-5
2020-02-06,19,10,30,19,31,21,6,-5,16,5,1,-17,3,-2,2,-3,12,4,26,11,15,4,17,12,-4,-10,-1,-5,-1,-3,-2,-8,3,-5,34,17,-2,-4,31,15,2,-6,2,-6,27,10,-1,-3,8,3,23,15,8,3,19,15,-3,-8,-2,-5,5,-6,12,9,-1,-3,4,-3,-2,-3,-2,-10,10,5,10,3,7,-2,6,1,28,16,-4,-10,-1,-6,10,6,-9,-19,28,24,19,10,13,4,15,6,-3,-9,-2,-5
2020-02-07,12,4,32,20,28,21,8,-2,19,7,1,-12,12,-4,0,-4,13,2,27,11,10,4,22,16,1,-5,-1,-6,1,-5,-2,-8,3,-3,34,21,0,-8,32,17,3,-6,-1,-5,25,11,-1,-5,12,1,26,15,12,1,9,1,-2,-10,-1,-6,9,-1,11,7,2,-6,11,2,0,-3,-2,-10,9,0,20,8,2,-5,13,1,26,16,-17,-22,-1,-7,18,9,-4,-18,28,24,14,5,13,2,1,-4,-3,-9,0,-7
2020-02-08,18,10,32,18,28,22,10,-1,21,8,5,-9,2,-5,1,-4,7,1,25,12,5,-3,20,17,-1,-6,-3,-9,1,-2,-7,-13,6,-4,35,19,-1,-7,31,17,2,-7,5,-7,23,12,1,-5,5,-1,23,18,5,-1,7,-1,-4,-10,0,-5,13,2,8,4,1,-6,0,-5,-1,-4,-7,-13,12,5,19,12,1,-6,3,-3,25,16,-7,-22,-2,-6,16,11,0,-12,27,22,7,2,7,1,5,-6,-5,-11,-1,-5
2020-02-09,18,13,34,21,28,21,14,3,11,6,-4,-12,3,-6,1,-5,10,2,25,11,-1,-5,15,10,-7,-15,3,-4,1,-7,2,-5,9,-1,34,19,7,-3,31,17,5,-2,3,-3,24,11,1,-5,8,1,26,19,8,1,10,-1,1,-9,0,-8,17,6,10,2,9,-1,1,-5,1,-6,-2,-11,18,4,21,16,3,-5,3,-4,26,16,-9,-16,3,-4,19,17,-4,-13,27,24,11,3,11,1,8,-5,-4,-10,-1,-9
2020-02-10,21,17,31,19,29,21,8,-1,15,7,-2,-11,5,2,6,1,8,1,27,9,0,-7,21,13,-7,-14,2,-5,4,1,-1,-8,5,-2,36,21,2,-5,31,18,6,1,6,-4,24,11,2,0,6,-2,29,17,6,0,15,3,-3,-11,1,0,6,-1,10,2,4,0,6,3,1,-3,-3,-16,20,13,23,18,6,0,6,-1,24,15,-3,-8,2,-3,19,12,-4,-14,27,22,16,6,9,3,9,6,-3,-15,-1,-4
2020-02-11,22,19,31,20,29,21,8,0,12,4,-2,-17,4,1,5,-1,9,8,28,12,2,-5,22,14,-8,-17,0,-5,5,0,-2,-8,7,-1,37,25,4,-2,28,15,13,5,5,-2,23,12,4,-1,7,3,30,18,7,6,19,14,-3,-9,4,-2,5,1,10,2,6,0,3,0,1,-2,-5,-13,18,8,16,13,6,0,6,5,18,14,-4,-11,2,-2,16,10,-4,-10,26,20,19,14,10,8,8,4,-5,-11,-1,-7
2020-02-12,22,18,30,20,29,20,2,-5,15,5,-4,-11,5,-3,3,-2,9,4,27,13,4,-4,20,13,-7,-14,2,-2,2,-3,1,-4,1,0,36,25,1,0,27,14,10,4,4,-1,27,11,3,-2,6,2,29,19,6,2,12,6,0,-9,3,-2,4,-6,12,4,2,-6,5,0,2,-2,1,-8,21,8,18,13,4,-3,5,0,23,13,-4,-27,2,-2,19,13,-3,-9,27,23,9,2,10,2,5,-2,1,-10,1,-4
2020-02-13,19,11,32,20,30,21,0,-7,15,5,-1,-15,7,0,1,-6,13,5,27,11,5,-1,19,14,-5,-13,-11,-19,0,-11,-17,-21,-8,-14,36,22,-11,-16,29,13,9,-1,-10,-16,25,11,1,-8,11,4,27,18,12,4,18,8,-12,-21,0,-8,3,-5,6,3,-6,-12,5,1,-1,-10,-19,-25,10,5,15,10,4,-2,10,3,28,14,-20,-29,-10,-17,13,9,-5,-17,27,24,19,7,14,6,9,2,-16,-22,-6,-12
2020-02-14,14,7,29,22,29,22,4,-11,17,6,6,-7,-4,-10,-8,-13,1,-2,27,12,5,-1,21,15,-1,-12,-10,-20,-5,-14,-10,-22,-3,-13,37,20,-8,-19,31,13,7,3,-2,-13,23,12,-8,-13,-2,-5,27,16,-2,-6,7,0,-13,-26,-8,-12,6,-5,9,3,-3,-14,-4,-10,-9,-12,-13,-28,8,-2,17,6,-6,-10,-2,-8,29,15,-5,-25,-9,-20,12,6,-4,-18,27,24,6,2,2,-1,-1,-6,-12,-26,-8,-11
2020-02-15,15,7,30,21,29,22,13,1,17,7,3,-5,-2,-11,1,-12,2,-2,27,13,4,-1,21,10,-3,-12,0,-10,3,-9,2,-10,6,-3,32,25,2,-8,32,15,8,2,7,-3,22,12,0,-13,1,-6,30,17,0,-8,7,-4,-1,-14,0,-12,14,4,7,5,7,-5,-1,-10,-1,-11,0,-11,13,-1,18,9,-1,-9,-3,-9,30,15,-2,-7,1,-10,16,12,-4,-15,27,23,4,-1,3,0,7,-4,-1,-14,-2,-12
2020-02-16,16,13,33,21,28,21,13,2,19,8,7,-7,5,-3,3,-1,10,0,27,12,7,0,22,16,1,-7,3,-4,5,-1,3,-5,10,-1,32,19,6,-3,33,16,11,2,9,-1,25,12,1,-3,6,0,32,19,6,-1,11,0,-1,-9,1,-5,13,6,9,5,9,0,5,-2,-1,-6,-4,-12,11,7,24,15,4,-5,5,-1,29,13,-7,-13,3,-4,19,16,-5,-18,27,24,10,2,11,0,10,0,-5,-12,0,-5
2020-02-17,19,13,33,20,28,20,17,8,19,8,4,-7,5,-6,6,-3,10,3,28,13,4,0,21,16,-7,-15,3,-1,8,0,3,-1,13,3,29,19,7,-1,32,17,12,2,10,0,27,13,5,-3,8,2,29,19,9,1,13,4,1,-6,5,-2,17,10,10,3,10,1,5,0,3,-3,0,-8,16,6,26,17,6,-3,6,0,30,14,-4,-11,4,-3,20,17,-2,-13,27,22,9,7,11,3,13,0,0,-9,1,-6
2020-02-18,22,18,35,19,29,21,8,2,17,9,-2,-12,4,-2,8,-1,12,5,29,12,8,0,20,15,-9,-18,-1,-8,6,1,-4,-10,6,0,35,21,3,-1,32,17,15,6,5,-2,28,13,6,-2,9,3,29,19,10,3,17,5,-2,-8,5,-2,10,4,12,2,6,1,3,-5,2,0,-8,-14,21,13,24,20,4,-3,5,-1,29,17,-13,-18,2,-3,20,19,-2,-12,27,20,17,8,13,5,10,7,-5,-12,2,-5
2020-02-19,20,16,34,21,29,22,8,-1,18,7,-1,-12,3,-9,2,-3,8,4,27,12,12,2,21,14,-9,-19,-4,-9,4,-2,-7,-12,6,-2,36,24,4,-4,32,17,8,7,0,-7,26,13,1,-4,6,-2,25,19,7,-2,9,6,-9,-17,1,-4,10,2,13,3,6,-2,4,-5,-4,-6,-13,-20,12,8,17,15,2,-5,5,-6,24,17,-17,-22,1,-6,16,14,-7,-17,25,21,8,6,9,5,7,-1,-12,-21,-5,-8
2020-02-20,16,10,34,23,29,23,3,-4,18,9,2,-17,0,-6,-2,-7,5,1,26,11,12,4,27,18,-9,-19,-6,-12,-1,-4,-8,-16,0,-6,36,24,-2,-6,33,16,6,4,-1,-9,26,12,-3,-6,3,-2,25,14,3,-2,5,1,-11,-21,-3,-6,5,0,12,2,0,-4,-1,-4,-6,-8,-12,-25,6,-2,14,10,-1,-9,1,-4,27,17,-8,-22,-4,-8,14,10,-3,-17,27,23,7,2,5,1,4,-4,-11,-23,-6,-10
2020-02-21,11,5,28,20,27,22,7,-5,19,9,8,-5,1,-9,2,-7,4,-4,21,12,13,4,25,17,-6,-16,3,-9,2,-4,4,-9,6,-5,36,23,4,-7,34,19,8,3,8,-5,23,13,1,-8,3,-5,27,15,3,-5,4,-5,-1,-17,2,-7,8,-3,14,3,5,-3,3,-7,1,-6,0,-17,7,-2,14,6,0,-10,2,-7,28,17,-2,-5,3,-8,11,7,-1,-12,27,23,2,-1,7,-3,5,-6,0,-18,-1,-8
2020-02-22,12,4,28,21,26,20,13,0,15,9,9,-2,6,-3,6,-5,10,0,24,12,8,6,17,15,-4,-13,7,-2,7,-3,7,-2,10,-2,34,20,10,-3,34,19,8,2,11,-2,21,13,6,-5,8,1,27,17,8,0,10,-3,2,-6,6,-4,13,3,12,3,11,-1,5,-2,6,-1,1,-8,11,-1,17,8,6,-6,5,-2,26,17,1,-9,8,-2,12,6,-1,-10,27,18,8,-1,13,1,8,-5,0,-8,3,-5
2020-02-23,16,8,32,20,26,20,10,8,17,7,0,-5,9,0,9,-2,13,3,24,11,11,4,20,12,-3,-12,10,1,10,0,8,0,14,4,34,18,13,2,33,18,14,3,13,2,22,12,8,-2,11,4,22,16,11,3,13,0,4,-1,9,-1,12,4,8,3,14,3,10,1,8,1,2,-5,13,4,19,12,9,-4,9,0,20,15,1,-6,12,1,17,12,-2,-12,28,23,12,2,14,4,12,-3,2,-3,6,-1
2020-02-24,20,14,29,20,28,17,9,5,19,8,-1,-13,13,0,5,1,14,5,24,12,14,3,20,15,-5,-12,5,0,5,4,4,-1,7,5,34,20,7,6,30,18,11,6,7,2,22,12,5,1,12,4,23,17,12,4,10,4,2,-2,7,2,11,7,8,2,9,6,13,2,5,3,1,-5,13,8,23,17,11,-2,11,3,25,13,-2,-8,6,4,20,17,-1,-11,28,24,12,6,14,5,10,2,1,-5,5,1
2020-02-25,20,16,28,20,32,20,6,0,19,9,-8,-14,13,3,6,4,12,7,23,12,7,3,29,19,-7,-16,1,-2,6,5,1,-2,2,-1,34,24,4,1,28,16,14,2,1,-2,24,12,5,3,7,4,28,15,8,7,19,9,1,-2,5,4,9,2,13,3,6,4,9,5,3,0,0,-4,18,8,26,16,4,2,12,6,27,12,-5,-12,2,0,18,16,-2,-11,28,24,16,10,13,7,14,7,0,-4,3,-1
2020-02-26,13,8,33,20,31,22,4,-2,18,8,3,-17,6,4,8,2,12,9,24,11,8,0,26,19,-6,-16,-2,-4,6,-3,-2,-8,1,-4,31,24,-1,-3,33,16,17,6,1,-5,25,11,7,2,8,4,27,18,8,4,19,9,-2,-7,3,-3,6,-3,15,7,0,-1,6,1,-1,-3,-4,-10,9,3,12,7,9,4,7,3,29,13,-11,-19,-1,-4,12,9,0,-9,28,23,18,12,14,9,10,3,-3,-10,-2,-5
2020-02-27,11,3,24,19,24,20,11,-2,22,9,4,-5,10,-4,-3,-7,5,1,23,11,16,4,31,18,-4,-13,1,-5,1,-5,0,-5,8,-2,34,21,6,-4,36,18,7,4,6,-3,22,11,-4,-9,5,1,28,18,6,0,8,0,-4,-11,-4,-6,14,-1,16,5,7,-2,10,-1,-3,-5,-6,-11,9,-1,17,8,-1,-6,12,-1,29,14,-9,-16,5,-5,10,6,-1,-7,27,22,9,4,6,1,2,-3,-8,-15,-5,-7
2020-02-28,15,5,26,19,20,18,15,0,21,12,10,-8,2,-4,-3,-8,7,0,24,11,17,7,25,20,-2,-11,-1,-6,-1,-5,-1,-6,10,-1,33,20,4,-3,37,21,5,-1,8,-1,23,11,-4,-10,4,-1,27,17,5,-1,9,-1,-5,-12,-4,-10,18,2,14,5,6,-1,3,-2,-4,-7,-6,-13,12,1,22,9,-1,-8,3,-2,26,12,-7,-14,2,-5,17,10,-1,-10,27,23,9,2,8,0,4,-1,-7,-15,-5,-11
2020-02-29,17,8,27,19,21,18,18,4,20,12,9,-4,0,-7,-2,-8,3,-2,25,15,13,6,20,16,1,-6,5,-7,1,-7,7,-7,15,1,35,21,9,-5,38,23,9,-1,16,-1,23,11,-3,-10,1,-2,29,16,1,-2,6,-1,-1,-15,-2,-9,20,8,7,3,10,-2,1,-4,-1,-5,0,-14,15,3,21,12,-3,-8,2,-5,20,13,2,-6,7,-6,18,13,-2,-12,28,23,6,2,4,-2,2,-6,-1,-14,-2,-7
2020-03-01,18,12,31,17,26,18,20,11,10,6,8,-5,1,-7,8,-7,10,-1,25,13,11,5,15,14,-1,-6,14,2,11,-2,15,2,16,9,34,23,15,4,37,23,12,3,13,6,22,13,8,-7,7,-2,29,18,6,-3,11,-2,8,-2,7,-7,23,12,9,1,15,5,1,-6,7,-2,3,-2,18,7,20,16,5,-7,1,-6,23,11,2,-3,14,2,19,17,-1,-11,28,23,8,1,11,1,12,-4,3,-4,7,-4
2020-03-02,20,14,31,20,29,20,13,5,15,6,5,-8,10,-2,8,2,15,4,25,11,7,4,19,13,-4,-14,7,-1,11,5,6,-1,12,3,33,20,9,3,38,24,16,6,9,1,25,13,8,0,13,3,32,19,14,3,16,4,3,-3,7,-1,14,8,7,1,12,6,10,-2,3,-1,0,-5,21,13,25,17,13,-2,9,-3,20,13,1,-9,8,1,20,18,0,-12,28,23,16,5,16,4,11,3,1,-4,5,-2
2020-03-03,22,18,30,21,30,21,17,5,19,7,11,-7,14,5,11,4,17,8,26,12,15,3,24,17,-2,-10,10,1,12,7,10,1,15,4,34,24,12,3,39,23,19,8,14,3,25,12,11,4,12,4,28,19,12,4,18,9,5,-3,10,4,18,9,14,7,14,6,14,6,7,2,2,-5,21,16,26,19,9,4,13,5,24,12,1,-4,11,2,20,18,-2,-12,28,23,18,11,18,8,15,7,1,-4,6,0
2020-03-04,22,14,30,21,33,21,16,7,23,10,10,-6,9,3,8,1,15,7,26,11,18,7,22,19,2,-7,8,2,10,5,9,1,15,7,35,24,11,6,39,24,15,8,15,4,24,12,7,1,11,7,29,18,12,6,16,6,2,-2,6,1,15,10,14,7,12,8,9,6,3,0,2,-6,14,6,26,20,9,0,9,5,27,12,2,-6,10,4,22,15,-2,-8,28,24,14,9,16,7,15,2,0,-7,3,-5
2020-03-05,18,15,29,19,31,22,15,4,23,11,10,-3,9,0,10,-1,12,4,28,11,17,10,22,15,0,-8,10,4,12,3,10,1,14,6,35,25,13,4,38,23,9,6,12,5,26,12,10,-1,12,3,23,17,12,3,11,7,6,1,11,0,18,6,15,6,14,6,10,2,8,1,2,-3,16,10,21,13,8,-2,9,1,29,11,0,-3,12,3,17,10,-3,-11,27,23,9,6,14,5,14,1,2,-2,8,-1
2020-03-06,17,12,27,18,29,22,14,2,22,13,12,1,9,1,3,-2,9,5,27,13,16,8,21,15,2,-3,6,-3,3,-1,6,-3,15,1,35,24,8,0,38,24,12,1,11,-2,25,12,3,-1,9,5,28,20,10,5,12,3,2,-4,3,-1,16,5,7,5,9,1,7,3,1,-1,1,-7,12,6,22,14,3,-1,8,2,27,10,1,-8,7,-2,17,14,-3,-14,28,23,10,7,9,5,5,1,-1,-8,3,-3
2020-03-07,16,8,28,20,22,20,17,5,14,9,12,-2,5,-2,7,-3,9,1,25,18,15,9,16,14,4,-3,12,-1,9,-1,14,-1,16,4,36,25,14,0,38,24,14,3,18,5,21,11,7,-4,8,2,26,17,8,2,11,0,10,-3,8,-2,17,7,8,3,14,3,6,-3,7,-2,8,-5,14,2,18,12,6,-4,5,-3,27,11,5,1,13,0,15,14,-7,-16,27,24,8,4,10,2,9,-2,7,-5,8,-3
2020-03-08,17,11,29,20,25,20,16,8,14,6,12,-1,11,-1,13,0,15,3,24,11,17,6,19,15,1,-2,17,6,14,2,18,7,18,8,36,26,18,5,39,25,7,5,19,9,22,12,13,1,13,3,24,17,13,2,14,1,15,3,13,1,14,9,9,1,18,7,10,0,12,3,13,4,17,5,21,13,12,-3,10,-2,28,11,12,7,17,6,18,15,-9,-21,27,23,13,5,17,3,15,-1,12,3,13,1
2020-03-09,19,15,32,20,28,22,20,7,15,7,10,-3,18,5,16,7,20,8,25,11,18,7,20,15,2,-4,12,6,15,9,11,7,16,3,34,23,14,11,39,24,6,0,11,2,24,11,15,7,18,8,22,16,18,8,18,3,11,8,15,8,22,15,15,2,14,8,18,6,12,7,4,2,19,9,22,16,16,3,15,6,28,12,-3,-7,13,9,20,17,-5,-15,27,23,17,7,22,7,17,4,7,0,12,8
2020-03-10,21,17,31,22,28,21,15,3,13,10,11,-2,15,9,13,6,18,14,26,12,18,7,20,17,0,-5,10,3,12,7,9,1,14,2,33,23,10,4,39,24,7,4,10,-1,24,13,12,5,15,11,25,14,16,11,16,12,9,1,11,4,20,6,15,4,12,5,16,10,2,1,7,-3,22,15,26,18,12,5,15,9,27,12,1,-8,11,4,21,18,-4,-11,28,24,18,13,18,13,15,10,5,-6,10,3
2020-03-11,22,17,32,20,28,20,20,11,17,10,14,-2,12,4,11,3,12,7,25,12,21,8,22,17,1,-8,13,3,13,5,13,3,20,8,32,21,16,4,38,24,14,4,18,3,22,13,11,5,12,6,25,15,12,6,21,11,11,4,11,4,22,15,13,5,19,6,10,2,8,1,7,1,23,13,26,18,7,0,12,6,29,14,10,-2,15,3,21,18,-4,-10,27,24,14,7,13,8,15,9,6,0,8,1
2020-03-12,22,17,32,20,27,20,22,14,17,7,12,-1,12,2,15,4,15,9,24,12,22,11,19,15,0,-6,16,6,15,7,16,4,15,9,31,18,14,8,30,19,19,10,14,6,23,12,14,4,8,4,26,12,9,7,19,11,13,4,14,4,24,16,13,3,17,10,9,3,13,3,10,2,25,16,27,18,12,3,9,3,27,16,5,0,13,7,21,18,-3,-11,28,23,17,11,15,9,20,8,8,2,13,1
2020-03-13,23,18,31,21,28,20,9,6,15,9,2,-5,15,5,9,4,21,11,24,20,16,11,17,14,0,-9,8,0,9,4,8,0,10,4,31,16,10,2,30,15,20,12,8,2,23,13,7,3,17,9,25,11,18,9,22,14,6,-1,7,3,9,2,8,3,11,4,14,5,6,1,3,-2,18,10,24,19,12,3,14,5,27,15,0,-5,9,1,21,19,-1,-12,28,23,21,15,22,12,13,6,2,-3,5,0
2020-03-14,23,18,32,21,28,21,11,5,13,9,9,-6,9,1,7,0,12,6,24,18,14,10,17,15,2,-7,2,-1,4,1,3,-1,4,2,32,16,3,2,31,16,11,2,3,1,24,12,6,-1,12,5,25,13,12,5,14,6,5,-2,5,1,15,8,5,0,5,-5,10,4,3,0,2,-3,24,12,26,21,8,-1,10,3,27,15,0,-7,2,-5,22,15,-2,-13,28,23,12,6,13,7,6,-1,1,-4,6,-1
2020-03-15,26,18,33,22,28,21,8,2,12,6,9,-5,10,1,6,-1,10,5,24,12,19,9,16,15,2,0,3,-3,7,0,4,-3,6,1,33,16,5,-2,34,17,5,-5,3,-1,24,11,5,-2,12,5,23,13,12,5,13,8,3,-4,5,-1,10,5,8,-1,6,2,10,1,3,-1,6,-4,16,12,27,20,7,-1,8,1,29,15,5,-5,3,-3,22,20,-2,-14,29,23,10,6,11,6,8,3,3,-6,5,-3
2020-03-16,23,18,32,23,28,21,14,5,11,6,11,-2,8,-4,9,-1,11,4,24,11,8,4,16,13,5,-1,6,0,8,1,7,1,8,3,35,20,6,2,36,17,8,0,6,1,24,11,8,-1,7,2,22,12,8,2,13,6,5,-2,8,-1,18,8,14,0,6,1,2,-2,4,0,4,-2,18,9,24,19,7,-3,5,-1,26,14,2,-2,5,2,20,17,-1,-8,29,23,12,8,12,4,13,4,4,-3,6,-2
2020-03-17,23,19,34,21,28,21,15,7,10,3,11,-2,9,0,11,4,17,6,24,12,2,0,15,12,7,-1,9,0,12,4,9,-1,12,3,35,23,9,3,37,20,13,1,10,1,24,11,10,3,11,5,24,11,12,5,14,8,8,-3,10,2,17,10,13,5,12,5,8,1,4,2,8,-4,22,14,28,20,9,3,8,1,24,12,6,-3,10,2,22,20,-1,-7,28,23,17,8,18,7,12,5,6,-5,5,0
2020-03-18,24,20,32,20,28,21,24,12,11,3,12,0,12,1,9,2,14,6,24,14,2,-5,18,13,5,0,8,1,7,-1,9,5,20,8,35,18,11,6,37,21,11,5,18,7,25,10,8,-1,10,4,26,12,10,5,16,8,6,2,7,-2,25,13,15,4,10,3,11,3,8,2,4,1,26,16,27,20,9,-1,12,2,25,13,7,1,10,5,22,20,0,-7,29,24,11,7,15,6,18,4,4,0,9,0
2020-03-19,24,21,31,22,28,22,24,17,10,4,4,-3,9,1,15,7,24,10,24,15,12,3,15,13,4,-4,18,5,17,8,16,6,24,13,35,18,21,9,38,22,15,6,22,11,23,10,15,6,9,3,28,13,9,3,25,15,11,4,14,5,23,18,19,5,22,10,7,5,11,4,6,2,26,18,28,22,15,6,8,5,28,13,3,-9,19,6,23,21,0,-9,27,24,21,13,24,10,22,14,4,1,11,1
2020-03-20,25,21,31,21,29,21,8,2,12,4,3,-10,17,4,19,5,24,15,25,11,14,5,17,13,6,-3,4,0,17,2,4,0,6,1,33,15,7,2,39,23,18,9,3,-4,21,11,18,2,20,9,29,16,20,9,26,18,3,-1,16,0,10,5,18,6,12,4,17,5,5,-1,1,-4,22,16,28,20,20,11,15,5,26,14,-5,-12,6,1,23,19,-1,-8,27,24,25,18,25,16,21,15,0,-5,5,-3
2020-03-21,24,19,34,21,28,22,10,-1,14,8,7,-3,8,1,5,-3,10,7,24,10,11,6,18,12,6,-1,4,-2,7,-1,4,-2,10,-1,32,16,7,-1,40,25,20,11,8,-4,23,10,4,-3,11,4,30,17,11,4,16,11,3,-4,4,-2,12,0,20,7,9,2,10,2,0,-3,2,-6,17,10,17,13,7,-2,8,3,27,17,3,-8,6,-2,17,12,-1,-9,27,23,13,9,11,7,7,2,1,-7,4,-5
2020-03-22,23,17,32,21,28,21,15,5,14,5,8,-6,9,-3,7,-3,10,3,25,10,10,6,19,15,7,0,4,-2,3,-5,3,-2,6,-2,34,20,1,-5,41,26,11,6,6,0,24,10,6,-4,6,1,29,15,6,1,12,6,5,-4,5,-3,17,9,17,6,4,-5,2,-4,4,-2,6,-3,15,9,26,18,7,-4,3,-1,25,15,9,-2,2,-7,24,18,0,-10,26,23,11,9,11,4,16,-1,5,-4,5,-4
2020-03-23,25,21,33,20,28,21,18,7,14,8,9,-5,5,-3,8,4,9,5,25,15,16,5,18,15,10,-1,7,-2,9,3,8,0,16,2,35,18,8,1,41,25,0,-2,13,3,24,10,6,2,5,-2,26,15,6,-2,12,6,6,-3,6,1,21,10,8,5,14,3,5,0,3,0,8,-1,18,15,28,20,4,0,5,-3,26,14,10,-2,7,1,23,21,0,-4,26,23,16,10,10,6,13,8,5,-2,4,-1
2020-03-24,25,21,31,21,29,21,18,12,15,7,11,-4,7,0,12,1,14,6,25,16,14,9,17,14,8,1,12,0,12,3,11,2,13,8,35,18,10,3,40,27,1,-2,12,5,24,11,11,0,12,3,24,17,11,3,16,7,10,-1,11,0,19,16,9,3,10,3,8,3,8,0,9,2,26,15,28,21,7,2,8,3,28,14,11,2,12,1,24,21,0,-7,26,23,12,8,15,6,17,4,7,1,8,-2
2020-03-25,27,21,31,20,30,21,24,9,11,6,12,-2,5,-2,15,3,8,0,24,12,15,10,17,14,6,-1,16,3,17,5,16,3,20,5,33,18,17,3,41,28,3,-6,20,7,24,11,15,1,8,4,25,15,8,5,17,9,15,1,14,1,26,12,12,3,18,5,6,3,12,2,11,4,21,13,32,20,4,2,6,3,28,15,2,-2,16,3,25,21,0,-9,27,23,11,9,9,7,13,8,9,2,12,0
2020-03-26,26,20,32,21,30,23,25,14,10,3,13,-2,12,-2,17,7,16,6,24,11,15,9,16,12,3,-3,11,7,19,8,11,7,20,12,27,13,20,9,40,27,5,0,11,7,24,11,17,7,14,5,22,16,13,4,17,4,13,5,16,7,30,17,10,2,24,10,9,2,9,5,9,3,28,12,30,20,15,1,12,2,28,16,7,-3,13,8,24,21,-1,-10,28,23,12,5,16,5,21,6,8,2,13,6
2020-03-27,26,21,30,21,30,22,26,17,12,3,10,-3,14,7,14,8,18,11,24,13,15,7,18,12,3,-6,11,3,15,9,9,4,23,12,29,13,18,10,41,28,8,1,12,8,26,10,13,5,19,10,25,14,18,10,26,12,10,2,13,8,29,20,10,4,25,13,14,6,11,4,12,3,27,17,30,21,15,7,14,5,26,10,12,1,14,7,25,19,0,-8,28,23,20,11,19,11,23,15,11,0,13,2
2020-03-28,26,23,31,22,30,22,18,13,14,5,5,-8,13,4,23,12,16,11,25,13,16,8,17,13,6,-3,20,10,23,16,21,10,20,12,32,17,23,17,41,26,12,4,18,5,24,11,22,12,10,6,26,11,10,7,27,17,14,7,17,9,20,12,10,7,24,19,12,6,14,7,8,2,29,18,28,14,13,6,11,5,23,11,6,1,23,13,25,20,-1,-11,28,23,20,13,17,12,27,16,7,-1,12,7
2020-03-29,26,22,33,21,30,22,19,6,14,7,8,-6,9,5,17,11,27,12,26,18,12,9,18,14,8,-2,10,7,15,10,10,7,18,7,29,11,15,9,41,26,15,3,17,5,23,12,16,10,13,5,26,14,13,8,27,18,9,5,14,6,19,8,12,8,18,10,8,6,9,6,6,-2,23,15,27,18,19,9,7,2,28,12,9,3,14,8,23,19,-1,-10,27,24,26,19,27,12,22,13,8,3,11,4
2020-03-30,25,19,33,20,30,22,19,9,19,6,8,-3,10,3,8,4,20,12,25,16,12,7,22,17,10,0,12,3,13,5,13,2,20,8,32,17,16,5,41,28,15,6,18,5,23,12,6,3,14,9,23,16,15,9,22,14,10,1,7,3,17,11,9,6,18,9,7,3,5,2,11,1,21,13,27,20,8,4,10,4,27,14,13,0,14,4,24,22,0,-4,28,23,20,15,21,12,15,9,11,2,6,1
2020-03-31,27,19,30,22,31,22,17,9,20,9,14,-3,8,2,7,1,13,6,25,19,15,7,23,16,6,3,6,3,8,4,8,3,19,8,29,18,14,6,42,28,6,1,17,8,23,13,7,0,8,5,25,15,9,6,12,7,6,2,6,1,17,9,10,5,15,9,5,-1,4,2,9,-1,15,9,25,19,8,3,5,1,27,15,11,3,9,5,23,17,0,-7,28,22,12,9,14,6,9,6,5,-1,6,1
2020-04-01,21,12,32,23,32,23,20,9,20,10,14,1,10,-1,9,3,12,5,25,20,16,7,23,17,5,-1,12,1,11,4,13,1,20,9,30,12,15,2,43,30,0,-4,21,9,23,12,9,2,11,4,27,15,11,4,12,6,11,-1,9,4,20,9,9,4,18,5,6,2,6,3,11,-1,19,7,22,15,10,3,5,0,23,14,13,4,14,1,20,16,-1,-9,28,23,10,7,12,5,10,4,7,0,9,4
2020-04-02,21,14,31,22,31,22,18,12,17,7,11,-1,9,-1,13,2,11,5,24,11,13,7,22,15,2,-4,16,6,19,6,16,6,18,13,31,18,18,8,43,30,6,-1,15,12,23,12,13,2,11,4,24,16,12,4,15,5,15,3,14,3,21,14,10,3,19,9,7,0,9,3,16,3,22,7,24,17,7,-1,6,1,21,11,3,-6,16,7,22,20,1,-11,28,23,14,7,12,6,14,2,13,1,14,2
2020-04-03,23,17,30,22,31,21,3,1,18,7,4,-12,8,7,15,5,14,7,25,17,16,6,20,15,5,-5,13,1,21,11,11,-1,2,-3,32,19,15,3,43,30,12,1,7,-2,24,13,16,5,11,9,23,16,11,9,19,6,12,2,16,6,4,2,11,1,16,9,8,6,15,7,7,-5,23,10,24,18,10,2,8,6,23,9,-3,-8,14,2,23,22,2,-6,28,24,14,9,15,7,17,3,8,0,16,3
2020-04-04,24,17,30,22,30,22,12,-2,19,8,10,-9,10,6,17,6,14,8,25,12,11,8,20,15,9,-3,9,-3,17,9,8,-4,12,-2,33,19,12,0,43,29,10,7,11,-3,24,13,17,6,14,9,23,17,14,9,19,8,10,-3,15,7,13,-1,12,3,12,3,7,2,5,3,4,-8,23,13,19,12,12,3,7,3,20,12,7,-6,11,-2,21,17,2,-5,29,24,12,9,15,8,19,5,6,-6,9,3
2020-04-05,24,18,32,20,31,23,19,4,13,9,14,-2,15,6,14,6,19,10,25,18,17,7,16,15,10,0,14,2,18,6,14,0,16,3,31,17,15,4,42,29,12,6,16,1,25,13,13,4,14,6,19,10,14,8,21,7,13,1,12,5,20,7,15,6,19,8,12,5,6,2,11,-3,25,13,25,17,14,5,10,2,22,13,13,0,15,3,22,19,1,-4,29,25,15,8,20,9,19,11,12,-1,15,-1
2020-04-06,24,18,32,22,32,23,22,13,11,8,16,1,14,6,17,2,19,11,26,13,15,9,16,14,10,3,14,5,19,10,14,6,18,10,23,10,22,9,44,28,11,4,20,10,24,14,16,2,19,12,21,10,18,11,25,12,12,2,16,3,23,13,16,6,22,11,15,7,13,4,10,0,26,15,26,19,16,3,14,7,26,12,17,6,18,6,23,18,3,-5,29,25,16,11,20,12,20,10,12,2,14,3
2020-04-07,25,20,31,22,31,23,26,16,13,5,17,1,16,5,22,11,22,13,25,16,5,2,17,13,14,2,21,14,23,14,23,13,26,15,21,8,22,15,42,28,12,0,26,13,25,13,22,11,17,9,22,11,17,11,25,13,20,12,22,12,29,17,18,6,26,16,15,7,19,10,19,8,18,14,30,22,16,6,14,7,27,14,17,10,20,14,26,23,2,-6,29,25,21,12,23,11,23,11,17,8,20,9
2020-04-08,26,22,32,23,32,23,27,16,7,0,17,0,14,7,19,13,24,15,26,12,5,1,15,13,14,3,23,9,25,16,21,9,27,16,25,10,27,14,41,28,14,4,21,10,25,13,20,12,18,13,23,12,18,13,26,15,21,8,21,12,30,16,22,6,30,17,10,7,13,8,13,5,25,20,31,22,19,11,11,7,24,14,10,4,26,13,26,22,3,-5,29,25,24,16,25,15,22,14,13,6,17,9
2020-04-09,28,22,29,25,32,23,17,9,6,1,13,0,11,3,9,3,22,8,25,12,10,0,13,10,16,2,8,2,10,5,8,1,14,7,33,15,12,3,40,27,20,5,11,2,24,14,8,2,15,9,24,13,16,9,25,14,6,1,8,3,19,12,23,11,14,8,11,6,6,4,5,-1,21,16,34,23,9,1,10,5,22,11,4,0,11,2,27,23,2,-3,29,25,24,16,22,8,14,5,5,0,6,1
2020-04-10,22,16,32,24,31,23,15,1,13,6,16,-2,8,1,6,0,10,4,25,14,14,4,17,12,16,4,10,-1,10,1,10,-1,13,-1,31,14,12,-1,39,27,20,10,13,-2,23,13,6,0,10,5,16,14,10,5,12,5,9,-1,7,1,18,5,20,9,13,1,9,3,5,2,8,-2,15,7,24,21,5,-2,9,3,23,11,10,-1,11,-1,22,20,4,-4,29,25,13,9,11,5,9,2,7,-2,5,-1
2020-04-11,21,13,31,23,32,23,22,10,20,8,16,0,9,0,13,0,15,4,24,18,14,6,20,14,16,5,10,4,16,5,13,4,17,6,32,15,17,6,38,27,16,11,18,6,21,14,13,0,12,4,20,12,12,3,16,3,12,4,13,1,23,12,20,9,17,7,10,3,12,5,14,-1,20,6,24,15,9,-3,9,2,26,13,7,3,11,6,23,19,5,0,29,21,15,8,16,4,16,0,14,0,13,-1
2020-04-12,26,21,31,22,32,24,22,4,20,10,-1,-6,15,1,13,6,22,9,27,14,12,4,16,15,4,-3,18,9,14,11,14,9,19,4,25,12,18,11,37,25,18,8,9,-1,24,13,13,5,18,9,20,8,18,9,19,9,15,8,15,7,24,11,19,6,19,12,14,3,14,8,3,-1,25,13,30,21,16,1,11,2,27,13,2,-2,18,11,28,24,6,0,30,23,20,12,22,8,21,7,4,-1,15,7
2020-04-13,26,18,32,23,34,24,9,-2,20,11,-1,-14,17,12,13,3,25,16,27,9,13,2,19,15,2,-7,5,-1,9,4,5,-3,8,-2,28,14,7,0,38,25,21,7,5,-3,24,12,12,3,21,13,21,9,21,13,23,15,3,-1,11,3,9,-1,19,6,8,2,16,8,5,2,0,-7,14,7,24,12,19,6,14,8,27,14,1,-5,6,-1,20,12,6,1,29,24,24,17,25,16,17,5,0,-5,4,-1
2020-04-14,25,14,31,23,33,25,9,1,19,11,1,-17,13,5,7,0,12,7,25,18,16,5,27,15,8,-4,5,-2,7,2,5,-3,9,-1,24,6,8,-1,40,25,19,7,8,-3,19,12,5,-1,14,8,22,11,14,8,16,9,4,-3,6,0,8,2,18,7,9,2,13,7,4,0,-1,-11,15,5,22,13,7,0,12,7,26,15,1,-5,7,-2,20,12,3,0,29,25,12,6,13,7,8,0,-1,-9,3,-1
2020-04-15,20,11,33,24,33,24,16,-1,23,11,8,-5,8,2,9,-2,12,4,23,16,21,8,27,22,8,2,4,-3,7,1,4,-4,12,-1,24,11,7,1,40,24,9,3,9,-3,22,11,6,-3,12,5,24,12,12,5,13,5,4,-4,5,-2,16,1,18,10,9,5,11,6,1,-2,-1,-13,15,2,24,10,8,-3,9,4,23,14,4,-6,5,-2,18,12,4,-1,29,24,9,4,13,4,11,-2,-1,-9,3,-3
2020-04-16,22,12,32,21,32,23,19,5,23,12,1,-6,7,0,8,-3,10,3,24,11,17,8,22,17,6,-3,6,-3,9,0,6,-4,9,3,25,11,9,0,41,24,19,1,2,0,22,10,7,-3,9,4,24,13,9,5,16,3,6,-6,7,-2,20,7,20,10,14,4,9,2,4,0,3,-9,20,5,23,15,5,-4,8,3,24,11,7,-3,3,-3,21,16,4,-2,29,24,13,6,11,4,11,-2,3,-7,4,-3
2020-04-17,22,17,31,23,32,23,11,4,19,13,9,-11,9,-1,8,0,15,6,26,10,18,6,18,14,9,-4,6,0,8,3,7,-1,6,-2,29,14,5,3,40,24,21,9,3,-4,20,10,6,0,10,4,25,15,10,4,19,5,6,-1,1,-6,12,5,26,10,10,5,10,1,3,0,7,-5,23,8,27,18,5,-4,9,0,24,10,10,-1,3,0,24,21,1,-1,29,24,16,9,16,5,18,2,7,-2,5,-1
2020-04-18,26,21,30,24,31,23,16,1,19,10,12,-3,4,2,11,-1,12,8,25,13,23,11,18,16,12,-2,14,-1,12,1,14,0,16,0,32,16,15,-1,40,24,24,12,17,0,21,12,11,-1,9,7,20,10,9,7,16,10,13,-1,11,-1,18,3,14,8,16,3,4,-1,11,1,14,-2,19,9,23,18,7,-1,5,-2,24,12,13,5,14,-1,22,20,3,-4,29,24,16,10,12,9,12,3,14,-2,11,-1
2020-04-19,26,21,28,22,33,23,18,9,21,10,9,-3,15,-1,12,3,18,8,24,12,22,12,18,15,14,2,13,7,11,5,13,7,17,8,33,15,16,6,42,26,25,14,16,7,20,12,11,4,16,7,19,9,16,6,21,5,12,5,13,5,19,11,19,8,17,9,15,3,8,4,9,1,21,11,27,20,14,-2,12,1,24,12,11,0,15,6,25,22,4,-3,29,25,17,9,18,8,15,1,8,1,11,3
2020-04-20,24,17,28,21,34,24,22,10,21,11,12,-2,12,5,14,2,15,10,25,11,23,11,19,15,15,3,14,5,16,6,15,4,20,7,31,18,16,5,41,27,9,7,18,7,20,12,14,2,14,9,20,8,14,9,17,9,14,3,14,1,24,12,23,8,18,8,9,6,12,3,14,-1,21,12,34,21,12,2,10,4,24,11,16,0,13,5,24,21,3,-2,28,21,14,11,17,11,16,7,13,0,11,0
2020-04-21,26,17,30,22,33,24,23,10,18,11,12,0,12,0,7,0,15,9,25,11,14,11,22,16,16,4,12,2,11,6,12,2,21,8,28,13,15,5,41,25,8,5,20,7,20,12,6,1,15,6,22,12,15,8,21,9,9,-2,6,1,25,13,15,8,17,9,12,5,6,1,8,-3,23,11,29,21,9,-2,10,4,25,10,11,-1,14,3,24,22,5,-2,29,24,19,10,16,9,13,6,6,-3,4,-1
2020-04-22,24,18,30,22,32,24,17,11,25,12,13,0,7,-2,9,-1,14,3,25,11,10,7,28,21,16,4,20,5,19,6,21,6,16,10,29,16,20,7,43,27,14,4,21,11,21,12,8,-1,11,2,22,12,11,2,18,4,16,2,7,-1,27,16,12,7,20,10,8,1,10,1,15,1,21,12,27,21,8,-3,8,0,25,9,21,6,19,7,25,23,7,-1,29,25,15,8,15,4,17,-1,4,0,7,-3
2020-04-23,25,21,29,22,34,24,25,10,25,14,14,1,13,-2,14,7,19,8,24,11,8,4,30,24,15,7,18,11,12,9,19,11,23,12,29,19,17,12,43,28,15,2,24,11,23,12,14,8,10,4,21,10,10,4,16,10,16,9,14,8,26,11,18,10,14,6,13,1,11,4,11,4,25,14,30,23,13,-1,10,0,24,10,19,9,18,12,28,24,8,1,29,24,17,8,19,8,12,7,6,1,7,2
2020-04-24,26,17,30,22,34,25,20,12,28,16,11,-2,7,3,16,9,16,11,25,11,5,-3,34,25,13,2,11,9,21,10,12,8,16,12,24,17,19,11,43,28,17,4,18,12,22,12,15,8,8,2,23,11,8,3,24,14,11,5,15,7,22,14,14,7,19,12,6,2,9,6,14,2,24,12,30,21,9,6,6,2,23,12,17,8,18,11,25,22,10,2,29,25,22,16,18,11,17,9,14,-1,13,3
2020-04-25,28,20,30,22,34,25,20,9,32,17,14,-1,18,2,19,8,17,9,26,9,7,1,32,24,15,2,11,6,18,11,13,7,18,10,26,15,10,8,42,27,21,6,18,9,21,12,18,8,16,7,24,11,16,7,17,11,10,5,16,9,21,10,17,9,14,9,13,5,8,-1,17,4,22,13,29,21,13,4,15,4,24,12,16,8,9,7,26,22,11,2,29,25,14,9,18,8,20,8,14,4,12,3
2020-04-26,24,18,33,23,33,25,22,9,30,19,19,1,9,5,9,6,20,11,26,14,18,6,28,19,19,9,19,5,16,7,18,7,22,9,28,17,18,4,43,28,17,9,21,8,21,11,11,5,10,2,24,11,10,7,19,13,16,3,14,6,24,12,19,7,18,6,11,1,9,6,17,4,19,10,32,20,9,3,10,7,21,14,19,7,18,5,23,19,13,3,29,24,24,14,20,10,12,7,16,3,15,5
2020-04-27,23,15,33,25,31,24,23,14,27,16,20,2,6,4,15,3,12,7,26,11,19,6,28,24,17,6,15,8,18,8,17,9,21,12,24,16,17,8,43,26,17,8,24,12,24,12,15,3,8,7,24,14,9,7,18,9,13,7,16,4,25,15,16,10,16,8,6,-3,14,5,19,8,22,8,27,20,9,2,7,4,21,12,21,10,17,8,24,22,14,4,29,24,14,10,13,7,17,5,16,6,15,4
2020-04-28,24,17,34,23,31,23,25,15,33,17,19,4,13,3,19,9,14,8,25,11,17,8,29,24,18,5,21,13,21,14,21,12,24,14,21,12,23,13,43,26,23,10,22,14,18,10,19,9,16,7,23,14,16,7,22,7,21,10,20,10,29,18,23,9,24,14,9,2,18,11,15,9,26,11,30,22,12,1,9,3,16,11,13,9,21,12,27,23,14,5,29,24,17,10,14,8,23,6,16,8,19,9
2020-04-29,24,19,31,23,32,23,18,11,33,21,18,1,17,3,15,10,25,10,25,11,15,7,26,19,22,7,11,3,16,10,12,5,17,10,21,12,11,4,44,27,22,12,17,10,20,12,16,10,11,6,25,13,12,7,24,13,11,2,18,12,20,12,21,11,13,11,10,5,13,5,12,8,22,14,29,23,15,6,14,5,19,9,14,8,10,6,27,21,13,4,29,24,23,15,25,9,26,11,11,7,17,6
2020-04-30,23,14,36,23,29,24,23,9,27,19,24,5,11,5,10,7,18,14,25,11,20,10,27,19,21,12,16,6,10,8,17,6,22,9,24,12,17,7,43,29,20,10,21,9,20,13,10,6,15,11,20,7,15,12,19,11,15,7,11,7,25,12,16,9,18,8,11,7,7,0,16,4,21,10,29,21,13,9,12,6,20,9,20,7,16,6,23,19,14,2,29,25,20,6,18,13,12,8,15,7,9,6
2020-05-01,23,15,34,24,30,23,28,14,25,15,24,8,17,11,13,7,18,12,26,12,23,12,25,20,17,6,20,10,19,6,21,9,23,12,26,14,22,9,43,27,20,8,25,12,20,13,15,6,17,13,13,6,18,12,16,8,17,5,17,6,29,17,18,7,24,12,18,11,12,4,18,5,25,11,28,20,13,5,15,11,22,11,24,12,21,9,24,20,12,5,29,25,15,14,19,12,13,7,17,4,17,2
2020-05-02,24,18,34,22,30,22,27,17,26,14,20,5,19,6,23,9,23,10,26,11,21,14,25,20,18,5,22,15,25,13,22,15,25,16,27,15,25,16,43,27,20,11,23,15,21,12,22,9,22,13,12,6,22,12,22,7,21,13,24,11,31,19,13,7,28,18,19,9,18,10,19,11,27,14,29,20,19,4,18,8,22,11,20,11,24,15,25,23,12,4,29,25,18,12,23,10,25,6,19,12,18,10
2020-05-03,25,20,34,22,31,23,24,17,25,14,22,3,23,12,19,11,24,17,26,11,24,12,24,20,15,8,20,11,21,15,20,11,21,15,25,13,18,13,43,27,14,6,21,13,21,13,19,10,25,13,15,4,25,13,27,13,19,9,20,12,26,20,15,6,22,16,22,12,15,10,17,6,29,15,31,20,22,11,18,11,23,11,16,8,18,13,25,23,12,3,30,25,25,14,24,15,21,11,16,7,17,10
2020-05-04,25,19,33,23,31,24,30,18,28,13,19,3,17,6,13,7,19,13,26,18,23,13,27,22,14,2,13,8,17,11,13,7,16,5,25,13,19,10,41,26,14,9,14,11,21,12,14,7,17,11,17,5,18,11,24,17,13,4,14,6,34,20,19,6,22,14,18,10,8,3,14,1,30,17,31,22,11,6,18,9,22,11,9,4,14,8,26,23,12,5,30,25,22,17,20,13,20,7,13,2,14,2
2020-05-05,27,21,32,24,31,24,21,11,31,16,18,0,14,3,7,4,14,5,26,11,24,14,30,25,17,3,8,5,9,4,7,0,19,10,25,13,14,9,41,26,20,9,17,9,20,13,7,4,17,8,20,7,17,8,16,12,10,3,7,2,22,13,22,9,15,12,15,7,8,7,12,3,28,18,32,23,16,2,14,6,22,10,7,3,10,6,27,24,11,2,29,25,14,7,14,9,15,7,12,2,11,4
2020-05-06,26,19,33,22,30,24,21,9,29,16,18,0,15,1,11,3,14,8,26,11,22,13,31,23,19,8,16,5,14,6,16,5,15,6,27,15,16,4,41,25,14,8,14,6,21,14,12,4,12,5,20,8,12,9,17,6,16,3,13,4,22,12,17,8,17,7,12,7,9,2,15,4,20,10,30,21,4,-3,13,5,22,10,16,5,16,3,25,22,11,2,29,23,18,12,15,8,11,4,16,4,14,1
2020-05-07,22,14,34,23,30,24,21,9,32,16,20,4,16,4,16,4,19,7,25,12,15,11,29,23,13,0,17,7,18,8,17,6,16,8,27,14,17,6,41,28,16,4,14,6,20,14,16,4,18,8,19,9,19,8,18,4,14,5,17,4,23,13,23,6,20,10,16,6,11,8,13,3,21,7,28,21,15,-2,14,4,21,9,12,6,17,7,25,22,15,4,29,26,17,10,19,7,17,0,12,3,13,4
2020-05-08,26,18,33,23,30,24,15,10,33,19,13,-5,14,2,9,0,17,9,27,16,21,10,28,22,17,2,9,4,12,4,9,3,13,9,28,17,11,5,42,29,19,9,12,5,24,13,8,1,13,7,21,10,14,7,19,8,7,1,8,1,17,11,26,12,13,9,14,7,5,-4,7,-1,16,12,30,21,5,-3,13,7,21,9,10,0,10,5,28,21,15,4,30,24,20,11,18,10,12,1,6,-2,5,-2
2020-05-09,22,14,33,24,33,25,18,5,33,20,12,-1,7,0,9,-3,11,1,26,11,14,10,26,21,17,2,15,3,12,3,15,1,16,5,27,16,16,2,42,31,23,10,15,5,25,13,9,-3,9,2,20,13,9,1,14,1,13,-2,10,-2,20,6,29,15,18,6,8,3,9,1,13,-3,19,6,25,16,5,-6,8,2,23,10,11,2,15,2,21,13,16,5,29,25,13,6,11,2,11,-2,11,-2,9,-4
2020-05-10,24,15,32,24,30,24,16,6,30,20,14,1,15,-1,11,2,18,6,27,16,12,8,24,17,21,4,10,4,14,4,10,4,13,4,26,16,12,5,42,28,24,11,12,2,23,13,11,2,16,6,14,7,16,5,18,2,7,2,14,4,16,11,29,15,11,8,14,2,9,4,7,1,22,7,30,18,14,-1,13,1,22,9,6,1,10,5,23,19,16,5,29,25,17,9,18,3,18,0,7,1,10,3
2020-05-11,26,16,33,23,30,24,7,6,27,15,13,1,14,5,8,2,13,7,27,13,19,6,22,16,21,7,10,2,10,4,10,2,13,3,27,16,11,2,41,28,27,13,12,2,20,13,7,1,16,8,16,4,17,8,16,7,10,-1,8,1,10,8,17,12,13,5,16,8,6,4,11,-2,19,10,27,19,4,1,14,7,22,9,10,-1,10,2,23,19,16,9,29,25,17,12,14,8,10,2,10,-2,8,-3
2020-05-12,24,17,33,22,31,23,12,6,22,13,21,2,12,2,12,-1,15,4,25,12,23,10,22,18,17,7,14,4,14,6,15,4,13,6,27,16,14,5,41,26,22,14,14,4,20,12,12,-1,14,6,17,4,15,6,16,3,13,1,12,1,13,7,15,10,16,8,13,6,10,4,12,-3,24,9,28,20,11,-1,13,4,23,9,11,0,14,4,25,22,15,7,29,25,15,8,16,5,15,-1,12,-2,12,0
2020-05-13,26,20,32,24,31,23,20,9,21,11,21,4,13,0,17,4,19,8,24,11,24,13,22,18,14,5,13,5,12,4,13,5,18,7,22,10,13,5,41,24,22,9,12,5,18,12,16,3,18,7,18,7,18,7,16,8,16,2,17,4,22,12,14,10,14,5,15,5,15,5,15,1,26,14,29,22,15,-2,13,3,22,10,13,6,12,2,26,24,14,6,29,25,17,11,20,7,16,2,14,1,15,0
2020-05-14,25,21,32,23,32,24,28,14,23,11,19,3,19,2,23,8,19,11,24,11,24,12,23,19,15,3,22,12,25,11,21,12,23,17,24,11,25,15,42,27,30,14,24,16,17,13,23,8,17,11,19,7,17,10,24,11,22,11,24,8,28,16,14,10,27,15,18,8,20,11,21,11,27,17,30,23,15,1,16,6,20,9,20,7,23,14,27,24,13,5,29,24,20,13,18,9,24,10,21,9,18,7
2020-05-15,22,13,31,23,33,25,24,18,25,13,18,2,25,11,23,16,29,16,25,14,26,14,24,21,16,4,20,14,23,18,20,13,23,15,24,12,23,15,42,28,30,20,20,12,19,13,22,15,27,15,18,7,27,14,25,14,19,15,24,15,26,21,21,8,25,20,20,11,17,11,16,9,27,16,31,24,24,11,22,10,20,8,18,7,22,14,27,25,14,4,30,24,25,16,29,17,28,14,18,12,19,11
2020-05-16,0,0,0,0,0,0,0,0,0,0,0,0,0,0,0,0,0,0,0,0,27,16,0,0,0,0,0,0,0,0,0,0,0,0,22,8,0,0,43,29,23,16,0,0,0,0,0,0,0,0,19,6,0,0,0,0,0,0,0,0,0,0,0,0,0,0,0,0,0,0,0,0,0,0,0,0,0,0,0,0,22,9,0,0,0,0,0,0,13,4,0,0,0,0,0,0,0,0,0,0,0,0
2020-05-17,27,0,31,0,34,0,23,0,27,0,22,0,21,0,25,0,21,0,26,0,0,-8,25,0,22,0,21,0,24,0,19,0,20,0,26,0,20,0,42,0,27,0,17,0,21,0,25,0,18,0,0,0,18,0,26,0,18,0,24,0,25,0,20,0,21,0,19,0,18,0,11,0,28,0,30,0,16,0,16,0,17,0,14,0,19,0,28,0,0,-10,29,0,21,0,22,0,28,0,11,0,14,0
